{
    "alpha": 359.38795742861527,
    "ox": 0.46458408481612173,
    "oy": 0.5010596801645718,
    "width": 0.5215219636657608,
    "height": 0.7517554369031787
}