{
    "alpha": 90.5130342703606,
    "ox": 1.1,
    "oy": 0.5438300238715278,
    "width": 0.2521099552554042,
    "height": 0.5111086796540129
}