{
    "alpha": 359.73977415232144,
    "ox": 0.4930396489838281,
    "oy": 0.48045162520266493,
    "width": 0.9078407719585802,
    "height": 0.10863548584160394
}