{
    "alpha": 330.74836465162815,
    "ox": 0.46648146161523124,
    "oy": 0.5368759677646396,
    "width": 0.47082406396805315,
    "height": 0.9100663582633159
}